,x_list,y_list
0,-1.059,1.4181999999999997
1,-0.37960210409618045,1.1821909787290596
2,0.3004364604763784,0.949826611063913
3,0.9805711758990894,0.7180144737659252
4,1.6597086563522603,0.4805409510698379
5,2.33903231222893,0.24411344355419795
6,3.0183610341036355,0.007714467738493074
7,3.6971254098096873,-0.23184071933507547
8,4.375872671037155,-0.4714909322233085
9,5.054760070607339,-0.710361862772578
10,5.73432284655276,-0.9454386369480187
11,6.413112881249803,-1.1848512808082274
12,7.091421430429593,-1.4269238396306463
13,7.769634777086188,-1.6695186593961273
14,8.448253463385415,-1.9098814894402156
15,9.126885882531907,-2.1501683134223586
16,9.805249727851942,-2.391936977625816
17,10.483122139266543,-2.6363923476469955
18,11.1611253182512,-2.8801358829498476
19,11.838654190309983,-3.1264508641272757
20,12.516293769647364,-3.3721682159978714
21,13.1934694083389,-3.620379784122546
22,13.872148143779018,-3.8604100762949134
23,14.551210923958386,-4.098301924678025
24,15.229790104129275,-4.338883263579578
25,15.907934083725005,-4.581857863401473
26,16.586974768209004,-4.819873299200043
27,17.26516211493368,-5.062610541038596
28,17.943210537657876,-5.306107274948547
29,18.62188412928633,-5.546166071519785
30,19.30022379109206,-5.788067692667159
31,19.978814998667364,-6.028582530219685
32,20.657464577765236,-6.268774344461872
33,21.336247771557996,-6.508225000372484
34,22.014931650198967,-6.748226787929954
35,22.693483326674,-6.988960125487776
36,23.372416769463353,-7.227574427896281
37,24.051355325110812,-7.466160214992816
38,24.73027001552604,-7.7048790717076825
39,25.409302198609964,-7.942942040056627
40,26.088752321008304,-8.178656191305233
41,26.76855785485142,-8.412353206404493
42,27.448583139284004,-8.644793737645225
43,28.12926056470844,-8.873462396045149
44,28.810447504823117,-9.099137674110157
45,29.49167794319734,-9.324555455289065
46,30.173229044298147,-9.548065341676743
47,30.855402304727416,-9.767823617517246
48,31.538420917394923,-9.98237367347045
49,32.22167776893093,-10.195431756314171
50,32.90459355077582,-10.410622435522365
51,33.58759836817352,-10.62525855095172
52,34.27094944267535,-10.837723525936543
53,34.95458762887857,-11.048370404657684
54,35.639425016039525,-11.251238825480778
55,36.32436511384914,-11.453426466865244
56,37.00968694454471,-11.653062679034425
57,37.69529259899576,-11.850779592084635
58,38.3812756713604,-12.04591380200486
59,39.06738668445116,-12.240164383271724
60,39.75386434588898,-12.431859202919656
61,40.44063616340409,-12.621477668548122
62,41.12675550028476,-12.815670616140272
63,41.81289147733512,-13.009748294285911
64,42.49870118920297,-13.206073220495421
65,43.184454753371476,-13.40278218442734
66,43.86975375972792,-13.6025719061306
67,44.555521371107915,-13.79918486358015
68,45.24129600352204,-13.995749817051157
69,45.92688187956291,-14.193601106871576
70,46.613131299990265,-14.386891035754925
71,47.299117159849274,-14.582006038110096
72,47.98488477122927,-14.778618995559647
73,48.67098190584798,-14.972965631396931
74,49.357232706883366,-15.16624595277873
75,50.04339085545717,-15.360169933981974
76,50.73006225804006,-15.550499843230918
77,51.41713306367556,-15.737983356546184
78,52.1044491130021,-15.923696659092824
79,52.79150652352274,-16.111276361383304
80,53.478753500700606,-16.297490004882864
81,54.16602706608242,-16.48351121550583
82,54.85337095724882,-16.669022443040472
83,55.54113926308261,-16.851424539194596
84,56.2285981760863,-17.036098511768692
85,56.915393008776846,-17.22555352296539
86,57.60193221689875,-17.416815842292113
87,58.28881081908692,-17.605674679198977
88,58.97638029392563,-17.78954013503348
89,59.66447345381359,-17.969524841323178
90,60.35226780333415,-18.15173435870491
91,61.040217837191676,-18.332788250665928
92,61.72821309238433,-18.513505036027688
93,62.416362752285025,-18.693065859522054
94,63.10461607518904,-18.8718462624825
95,63.79290257690456,-19.050376135193453
96,64.48116739004703,-19.229069817511274
97,65.16964186946213,-19.40617336558542
98,65.85809609965935,-19.58343112967538
99,66.54661733788501,-19.76017803585459
100,67.23601514652393,-19.93009594671144
101,67.92529001992068,-20.10098857923735
102,68.61499508015841,-20.26844479013932
103,69.30437710488025,-20.438488169961182
104,69.9945726125327,-20.60193576396023
105,70.68493436448043,-20.764001419906926
106,71.37559020255632,-20.923592290980732
107,72.0662449006629,-21.083192831228295
108,72.75743109262423,-21.238218087758643
109,73.44892897655512,-21.39049456649857
110,74.14067519975514,-21.540544021244273
111,74.8319959707401,-21.69438861668182
112,75.5236389841446,-21.84536770906592
113,76.21509875660233,-21.99798301243512
114,76.90764668116296,-22.140600155465233
115,77.52549818540615,-22.60123955527887
116,78.10692158766881,-23.1469645606713
117,78.71043793360387,-23.64345758133808
118,78.78523406941014,-24.617847059223678
119,78.85919217625504,-25.59236190720012
120,78.93734837461221,-26.566234359305824
121,79.6320430225719,-26.686661591892445
122,80.3264808907288,-26.809957385205152
123,81.02137154578678,-26.928147384467668
124,81.11867948977869,-27.898632356793716
125,81.21963162882082,-28.868387472593945
126,81.31774708873336,-29.838713077116086
127,81.41667547519816,-30.808876888917414
128,81.51663281881974,-31.778833958964324
129,81.61608021512586,-32.748893762337886
130,81.95000901165596,-33.61019710921516
131,82.20726715961902,-34.52161565236697
132,82.45489064288206,-35.43824966692888
133,82.6809669987128,-36.365731948924186
134,82.94602637029541,-37.27275858463618
135,83.21738144751788,-38.17612904421993
136,83.91583114355224,-38.24131587827906
137,84.61443599672984,-38.30315816048744
138,85.31314740168479,-38.362594262885885
139,86.01186050425513,-38.4219912373981
140,86.71049567053794,-38.48315865265032
141,87.4094086636404,-38.53775197662113
142,88.10831540855979,-38.59250185640295
143,88.80729027813172,-38.64551976041223
144,89.50632814968648,-38.69688381495513
145,90.20547777717448,-38.74517465085007
146,90.9046135513492,-38.7938570066627
147,91.60378817276813,-38.84143329883472
148,92.30305039423068,-38.88641548914511
149,93.00233998901957,-38.930555751210214
150,93.701803431305,-38.96891914647447
151,94.40131349493869,-39.00557859157861
152,95.10091612768598,-39.03859474301993
153,95.80052346303425,-39.07141500506506
154,96.5001394244206,-39.1038728682722
155,97.19991917264454,-39.12845489000002
156,97.89978020676793,-39.14798139800483
157,98.59968588536132,-39.164068675665526
158,99.29957935705188,-39.1811652086028
159,99.99952033224214,-39.19389145115257
160,100.69950991224226,-39.199238624879236
161,101.39950305492435,-39.203576410973625
162,102.09950268815699,-39.20257321140783
163,102.7994997777091,-39.199747215583464
164,103.49948745477806,-39.19393224996528
165,104.19943507346532,-39.18194354927318
166,104.89934643958765,-39.16634880776666
167,105.5992534082324,-39.15037191584991
168,106.29910598600065,-39.13026012809673
169,106.99898731717741,-39.11221574809409
170,107.69888324926315,-39.09531778580084
171,108.39874193952178,-39.07562731114582
172,109.09857079140653,-39.05395767763324
173,109.79838268088612,-39.03123971310536
174,110.49818086080953,-39.00770857508047
175,111.19792262388908,-38.98109144892953
176,111.8976460095916,-38.95354367838466
177,112.59732906330389,-38.924056329881104
178,113.29691291124317,-38.890269027283004
179,113.99639677994172,-38.85264267795442
180,114.69577080908148,-38.81120723376672
181,115.3950680338494,-38.76730453218146
182,116.09421464579096,-38.71892820097662
183,116.79316063425225,-38.665169199691405
184,117.49197120983732,-38.60806396593029
185,118.19055534260318,-38.54576460383372
186,118.88914214408425,-38.4835239229164
187,119.58738926120685,-38.41421383474213
188,120.28542019201137,-38.34075958711311
189,120.98323898414151,-38.26345558096806
190,121.67879164644786,-38.153161754491926
191,122.37407567781676,-38.039596677034666
192,123.06904895438473,-37.9223627061963
193,123.76351871520555,-37.799419497523736
194,124.45724036393935,-37.668459437990364
195,125.15033148706411,-37.531111695782826
196,125.84288884721654,-37.38858438723659
197,126.53474644410468,-37.23954476622528
198,127.22608398198444,-37.08584791821603
199,127.91670931963121,-36.925998550746016
200,128.60606736132144,-36.75576470834164
201,129.2946796531753,-36.57971443553513
202,129.98267396004965,-36.39899057416474
203,130.66989866890108,-36.21261592163299
204,131.35647100715954,-36.02158683561956
205,132.04218276193876,-35.82459241148301
206,132.7267659027445,-35.620048993803216
207,133.4103050355608,-35.408773018687484
208,134.09310575385905,-35.19286787511941
209,134.7754610551419,-34.974220131225465
210,135.45675144817423,-34.749157773845965
211,136.13716545889184,-34.518957693312636
212,136.81610617088973,-34.280383933649176
213,137.4943771229043,-34.03810498144662
214,138.17069804248376,-33.785367119366576
215,138.84621626381042,-33.52845612309526
216,139.51943396807582,-33.259970130125986
217,140.19075782285253,-32.98234521637521
218,140.86015320067847,-32.695738755937285
219,141.52793352367502,-32.40184063952878
220,142.1936634784798,-32.09896259565594
221,142.85735269742554,-31.78742997058401
222,143.51908771926102,-31.467853295406186
223,144.17922263087402,-31.141854950317413
224,144.83759495091732,-30.808943639494863
225,145.49446337242455,-30.470259718146135
226,146.14940511319745,-30.1243398144994
227,146.80311576118143,-29.773885421066755
228,147.45533558318598,-29.4180283775544
229,148.10572392480663,-29.055660870781825
230,148.7546079762915,-28.688045588254013
231,149.4014482518878,-28.31343724689157
232,150.04702106788113,-27.934567811688773
233,150.6916373003845,-27.552519347388028
234,151.33414151267027,-27.163560299540674
235,151.97530194544524,-26.770279144500336
236,152.61460579263945,-26.371118076400215
237,153.25291069694543,-25.96883580695213
238,153.88915354667893,-25.560201164662082
239,154.52423555851303,-25.14804240525045
240,155.15792985891395,-24.731718245570534
241,155.79008428436583,-24.31083069114786
242,156.42113415791428,-23.88670680369843
243,157.05150689418576,-23.460613834739068
244,157.67985102133156,-23.028687950532614
245,158.30692805588214,-22.59316779052977
246,158.93195088939112,-22.151897967313722
247,159.55614260536458,-21.708328338786448
248,160.17899491642822,-21.261083666083426
249,160.80057728364145,-20.81038941594431
250,161.42084102913682,-20.35614844838729
251,162.04009597659297,-19.89921772311252
252,162.65752669398603,-19.43747380483072
253,163.2741938872562,-18.973734349340017
254,163.8889629909501,-18.505081449721267
255,164.50242526100342,-18.033084071854386
256,165.11389795587095,-17.55605342176406
257,165.72353208978598,-17.074432620073853
258,166.33127535143157,-16.588150468713394
259,166.93752991656993,-16.098239672335286
260,167.5431922239097,-15.606895177955797
261,168.1462621902516,-15.109340189271267
262,168.74727508035164,-14.606930325086795
263,169.34675014592682,-14.100932196950769
264,169.94473468656153,-13.591488972678103
265,170.5399438035009,-13.075714632544726
266,171.13217542827527,-12.553265652136568
267,171.72215733928786,-12.025851359982163
268,172.31006215218102,-11.493910437778357
269,172.8946006160478,-10.95474721838176
270,173.47559084298945,-10.408118735636252
271,174.05271098745916,-9.853513124286504
272,174.6270759994522,-9.29332969658037
273,175.1987230228512,-8.72772331927143
274,175.76736887041082,-8.156218180095681
275,176.33385141072483,-7.580517596651491
276,176.89726717177155,-6.998948294504133
277,177.45750960134419,-6.411401102009073
278,178.01530849722968,-5.819314649007585
279,178.57106245244336,-5.223471061412547
280,179.1233680363529,-4.621375768053297
281,179.6741822817333,-4.016608715802071
282,180.22119569554536,-3.405117426236202
283,180.76705848879885,-2.7916141504133987
284,181.31061313268222,-2.1741072563133024
285,181.8513337752166,-1.5517427923495382
286,182.3871002625942,-0.9210365444289886
287,182.9205531548167,-0.28649820588061914
288,183.45079289287742,0.35329692348140973
289,183.97589500757798,1.0013438565877304
290,184.50018162184816,1.65068363694187
291,185.02155450590172,2.3046055121811158
292,185.5398050503134,2.9633741297588934
293,186.0576978278392,3.622693975610474
294,186.56994984997786,4.290595028908897
295,187.07818606784124,4.964482301254767
296,187.585979230474,5.639023896567828
297,188.08683563916637,6.323655185239835
298,188.58144619336454,7.017129325611712
299,189.06819414012912,7.721423167121139
300,189.5558719274205,8.424455126945062
301,190.03966862000536,9.1327233600871
302,190.51744161664192,9.848961175915349
303,190.99211071778265,10.569232596331027
304,191.4564169369127,11.302623815503486
305,191.91521837584142,12.042774090574959
306,192.3680112416477,12.79014153468986
307,192.81585760339135,13.543328050165984
308,193.256955143954,14.304280480368277
309,193.6932689592469,15.07061937340825
310,194.12578445439266,15.841166892422667
311,194.55154204484842,16.61905617077264
312,194.97248870860486,17.402060421267958
313,195.3888013398067,18.18990573253125
314,195.79888735010252,18.984125947429426
315,196.204775555776,19.782561504259487
316,196.60796738173428,20.583670266476958
317,197.00768991562603,21.388179381380183
318,197.3985912933533,22.20113963949014
319,197.7850915568466,23.018213926679753
320,198.16561297280512,23.84077016543425
321,198.539032995855,24.669680699397627
322,198.90966613365524,25.501039172766454
323,199.2755607127314,26.33650160024316
324,199.63391931094972,27.178341885310743
325,199.9852847617176,28.025940226043616
326,200.33108374829675,28.87801369665893
327,200.67090171091868,29.73479053718846
328,201.00076138522937,30.5991616882091
329,201.3231450988493,31.46904371051876
330,201.6371303114655,32.34492614616087
331,201.94420215254385,33.225599464399174
332,202.24206376283078,34.11245107757348
333,202.53456837948093,35.002790595121226
334,202.82420186591258,35.89496792577551
335,203.10096859199595,36.79511477573548
336,203.37160187031245,37.6989095268757
337,203.63209278819087,38.60852658044142
338,203.88312908443348,39.52333930707942
339,204.12957865223225,40.440593206848895
340,204.36773384331522,41.36213155424528
341,204.59589634173628,42.28861203091813
342,204.818704334532,43.2176432105665
343,205.03627634556148,44.149103538885704
344,205.25017911067437,45.08222806962692
345,205.44795152817395,46.02230077900514
346,205.63846056320375,46.96530892469698
347,205.81949410796653,47.911968650846994
348,205.99094182373372,48.86211976213724
349,206.1601761376512,49.81304831050775
350,206.32236462434312,50.766380358525545
351,206.47415697806306,51.72306201898018
352,206.62035456147984,52.68144997932925
353,206.7605635581389,53.641590186289406
354,206.8965109710309,54.60293084901975
355,207.02809530578836,55.565460694364305
356,207.1411123098934,56.53260351075437
357,207.2328019339485,57.50416015098058
358,207.32491486202605,58.47563830751459
359,207.50045864890077,59.42432233427154
360,207.5804076612132,60.39790950789459
361,207.6545472018247,61.37239733434247
362,207.72060760775804,62.348023597121994
363,207.78642410308444,63.32368216974265
364,207.8017967246762,64.30344582374835
365,207.80823149155995,65.28340441664874
366,207.8036973807785,66.26338385827252
367,208.34492001501454,66.88489250501328
368,208.9515556504805,67.37387786607671
369,209.61480073420688,67.68725891124227
370,210.23930581133843,68.12996319282124
371,210.74126125159555,68.81301505216483
372,211.0803200936726,69.67038115783635
373,211.0189827161564,70.64661163430904
374,210.93716700670933,71.61989480573853
375,210.83988377797434,72.59038463457625
376,210.7421083968163,73.5607775192808
377,210.63767657901525,74.5298101456894
378,210.52462179238756,75.49694430692676
379,210.3955927128045,76.46015193427354
380,210.2624997980571,77.42227515977343
381,210.09478420382402,78.37373093894767
382,209.92333330313832,79.32388092382479
383,209.74147853443827,80.27023209145658
384,209.55324411041406,81.21413510085958
385,209.35993149332475,82.15602429543887
386,209.151484801122,83.09156582522739
387,208.92393474245833,84.01834147379193
388,208.6722877924725,84.93282530231114
389,208.41050138895525,85.84171310765879
390,208.14242363941042,86.7469993980609
391,207.86690819487532,87.64789829918818
392,207.58113885751538,88.54251460588996
393,207.28648975169807,89.43146709770517
394,206.98774494169464,90.31773625290135
395,206.6833022564795,91.20019685643061
396,206.3705785178871,92.07696340010617
397,206.05143967529114,92.9491874437596
398,205.72545470037588,93.81643495192196
399,205.3971552209609,94.68196954138624
400,205.06179243558435,95.54218017389525
401,204.7245019770868,96.40091231335946
402,204.38000947048715,97.25402240547977
403,204.03027104309777,98.10293862249894
404,203.67364288770986,98.94621797314014
405,203.31528748078057,99.78806092081867
406,202.9483344147649,100.62261294243848
407,202.5720444419449,101.44897574318405
408,202.1949579624176,102.27462660307404
409,201.81408133472735,103.09686055346738
410,201.4250432385505,103.91157077499234
411,201.03054643079307,104.72111981402062
412,200.63028695095014,105.52510551267446
413,200.22339864983047,106.32254274807762
414,199.8107160615805,107.11412245945
415,199.39151379393644,107.89895883682561
416,198.96777891694694,108.6790098338024
417,198.53443574222882,109.44864535671792
418,198.10224246900484,110.21954715991771
419,197.6629384430102,110.98253042747999
420,197.2156816145017,111.73640323209025
421,196.76502518723285,112.4862973697791
422,196.3087111057362,113.22945537430748
423,195.83157557660795,113.94652559835339
424,195.36300259890479,114.6745785871874
425,194.89000047858767,115.39699621472982
426,194.40959161696497,116.10976992238311
427,193.92347555719638,116.81491863422531
428,193.4216349358394,117.49813583386376
429,192.91600312316788,118.1758522061232
430,192.40293382224084,118.8425225813422
431,191.88466224818424,119.50125877135214
432,191.3539271213045,120.14024831836213
433,190.8173215134274,120.7695548146943
434,190.27575069344482,121.39046869922988
435,189.7300874799402,122.00431986079802
436,189.17986785563167,122.61014689506648
437,188.62522034023678,123.20800776683004
438,188.06448530626858,123.79463319629431
439,187.5001095166378,124.3743751539221
440,186.93084192329383,124.94466581494505
441,186.35743699479661,125.50677372667663
442,185.7673102042346,126.03387023328574
443,185.16754088546216,126.53918445033105
444,184.56303838665616,127.03332045257855
445,183.9520041474056,127.51145101067797
446,183.34431136381005,127.99785679014724
447,182.74102660207464,128.49490114698614
448,182.1233702060365,128.95605310654943
449,181.5004684841827,129.40316288280874
450,180.87328114916983,129.83837162781157
451,180.24327570849752,130.26552799690566
452,179.60975854948902,130.68238022265703
453,178.9727779134468,131.0887558024379
454,178.33389539411056,131.4892368730438
455,177.69199706250677,131.88015170071503
456,177.04878794459822,132.26682052549023
457,176.40332757513056,132.6460652834441
458,175.7546841389308,133.0145119113876
459,175.10480834235938,133.37867731350605
460,174.45333231419787,133.73719483061305
461,173.79884763717166,134.08480614051868
462,173.14286055405208,134.42682171865704
463,172.4848182830859,134.76100957669271
464,171.82489444813424,135.08784446290113
465,171.16306026190313,135.40701839585017
466,170.50031494073554,135.72246495704576
467,169.8357399086676,136.03027407392457
468,169.16997649535776,136.33300793707198
469,168.503129571695,136.6310310126668
470,167.8348943008895,136.9228953318099
471,167.16565579192326,137.21021891856992
472,166.4945794064083,137.4890140229319
473,165.82295595295093,137.76521502955825
474,165.1486326405168,138.02820669825405
475,164.47360592280594,138.28763742800265
476,163.79765565084884,138.5423113577414
477,163.1205230531132,138.79075296529587
478,162.4417386028368,139.0301966399323
479,161.76229061094298,139.26592282763846
480,161.0820802391899,139.49729946066927
481,160.4008067789938,139.72246225947833
482,159.71878651885277,139.94314935679952
483,159.035740738582,140.15752982612094
484,158.35181979611107,140.3663699638372
485,157.6672710532109,140.57113889811146
486,156.98172373469876,140.7692518790048
487,156.29558812550977,140.96333210616254
488,155.6088383471679,141.1531069575441
489,154.92148685827246,141.33856300138714
490,154.23355398578832,141.519744654413
491,153.54512035870627,141.6971591875302
492,152.85646978363607,141.87291571085925
493,152.16720011742652,142.04384950329649
494,151.47774808336482,142.21333563767698
495,150.78785995380363,142.37930720944004
496,150.09396139304846,142.50841717523875
497,149.4080219323622,142.70385164071482
498,148.71724255219902,142.8623910426472
499,148.02584969544307,143.01559939277416
500,147.33444480507114,143.16870126747452
501,146.6424394064854,143.31638984361786
502,145.95024837143177,143.46236339993217
503,145.25777936333486,143.60572963981303
504,144.5655779050596,143.75160628865274
505,143.87267197855516,143.8907734505461
506,143.17974618488586,144.02974659599803
507,142.48681939858588,144.16871004048187
508,141.79365248179784,144.30530603574627
509,141.10074357345175,144.44444409552813
510,140.4077642768861,144.5828933688432
511,139.71482756809044,144.7217598028823
512,139.02189581967644,144.86067474231743
513,138.32908664209663,145.00078280484027
514,137.6364142101597,145.14220984605865
515,136.94371150359893,145.2833459584958
516,136.2509987193508,145.42438509184848
517,135.5580352544293,145.56298959075318
518,134.8652200734653,145.70303945705294
519,134.17207561578198,145.83985864844962
520,133.4788192292722,145.97556178704372
521,132.78529415440315,146.1085468321977
522,132.0914057422005,146.23776365759346
523,131.3976761735427,146.368641462117
524,130.7037601032457,146.49756684856925
525,130.0096512688089,146.6244421214766
526,129.31569382846953,146.75293032776557
527,128.62173914176117,146.88144768020925
528,127.9278387367167,147.01053821682243
529,127.23400212004321,147.1402990304437
530,126.540091576369,147.26928270561376
531,125.84633119571711,147.39983999995613
532,125.1527596593418,147.53234927096292
533,124.4592042234,147.66502361007986
534,123.76588401354934,147.80008615026318
535,123.0727649885724,147.93715764161513
536,122.3795883183934,148.0736565928284
537,121.68649575389652,148.21099007817236
538,120.99359778201863,148.3502348450841
539,120.30070577902082,148.48953781517477
540,119.60765939588725,148.6273273402409
541,118.91465934721094,148.7655728745915
542,118.22174547051456,148.90466243057585
543,117.52865879298605,149.04205413544798
544,116.8356045383831,149.1797660388783
545,116.14245031136612,149.316488189367
546,115.4492551288414,149.45280275312328
547,114.75594939777699,149.58801088903067
548,114.06243667737951,149.72112215462423
549,113.3689135024355,149.8541266184537
550,112.67522700987996,149.98545117095685
551,111.98149276788202,150.11628041424706
552,111.28738121500172,150.24312653452623
553,110.59338163053104,150.37116781864535
554,109.89947108685682,150.5001514938154
555,109.2052540019705,150.62586057281055
556,108.51119056689289,150.75322170602234
557,107.81716175137626,150.88095207177722
558,107.12295454783185,151.0067680594427
559,106.42875093958531,151.13262292261092
560,105.73455722413509,151.25858469237315
561,105.04021955242179,151.38298158692402
562,104.34596481604282,151.5082824551977
563,103.6516155990565,151.63255297924152
564,102.95723801293012,151.7565124284788
565,102.26270217534646,151.87872184632968
566,101.56828393315335,152.00223410330238
567,100.87377431455582,152.12473522070127
568,100.17911090754075,152.24551515227205
569,99.4845820555749,152.3678023577456
570,98.78991347352745,152.48852393737283
571,98.09516414247874,152.60833127994593
572,97.40023999772639,152.72613471265825
573,96.70539525657038,152.84485261336488
574,96.01035482120743,152.961303610323
575,95.31527205480172,153.07725833328735
576,94.62018100939123,153.1931157440848
577,93.92484482638021,153.3060532555126
578,93.22922664819211,153.41553424172278
579,92.53365551563512,153.525599527461
580,91.83788693718945,153.63319100986305
581,91.14203272196185,153.73969145988082
582,90.44608696933922,153.845013055182
583,89.75003063898471,153.94889253606198
584,89.05405485015417,154.05382439332632
585,88.35801337364653,154.15789876789992
586,87.6618729080304,154.26066727561638
587,86.96571850782509,154.36325060811515
588,86.26946076070881,154.46444988270687
589,85.57314110580761,154.56481082565097
590,84.87678426812884,154.6646648343403
591,84.18038263434114,154.7639046365234
592,83.48389363785897,154.86193540948454
593,82.78737668830439,154.95957614077557
594,82.09078827254902,155.0562124430094
595,81.3942448707994,155.15348262024253
596,80.69771050716628,155.25087956755246
597,80.00116780023846,155.34815949638835
598,79.30457455437462,155.44472753272075
599,78.60805830228867,155.5423780152442
600,77.9115581112047,155.64025277341597
601,77.21516995824584,155.73967781664126
602,76.51875345384359,155.8387128745573
603,75.82245821256106,155.93940525984988
604,75.12615219064203,156.0399514220095
605,74.42987495190162,156.14088750748732
606,73.73362516036926,156.24219400515966
607,73.03755622613586,156.34590782313273
608,72.34132309622949,156.44743851055642
609,71.64518042874433,156.5501777803271
610,70.94904510325912,156.65301450955732
611,70.25285050775427,156.7550617876792
612,69.55677046915692,156.8586294300099
613,68.86063661290709,156.96148565100867
614,68.16452630229227,157.06465373470354
615,67.4685760371397,157.16991687037194
616,66.77261375082269,157.27502411183423
617,66.0766334661653,157.37989750694348
618,65.38076177284071,157.48617388908897
619,64.68504793401071,157.5944569382815
620,63.989468157675205,157.7044151053996
621,63.2939451115436,157.81507438837053
622,62.59857671629993,157.92762250251127
623,61.903372130486346,158.0421368875158
624,61.20829599228907,158.15816945937883
625,60.51332064819199,158.275379404991
626,59.81837548882897,158.39293961057388
627,59.12348927982549,158.51118083355504
628,58.42865302199375,158.62999601193164
629,57.73381252163133,158.74876255162172
630,57.03920360343781,158.87015515230817
631,56.34450488354451,158.99053633694294
632,55.649895098295715,159.1119192130985
633,54.95540562325135,159.23464395935244
634,54.26088988129949,159.35707701450863
635,53.56643112997854,159.48014205308152
636,52.8718334898245,159.601661071565
637,52.17712359754858,159.72191582001588
638,51.482328156392995,159.8411979146523
639,50.78737963872291,159.9587192032122
640,50.09224071215923,160.07401218062518
641,49.3970018333482,160.18811777524513
642,48.7016559749855,160.30093846938132
643,48.00625627993645,160.4131069038286
644,47.31088708081245,160.52564528280615
645,46.61558484038252,160.63899164193649
646,45.920390075093096,160.75362282048664
647,45.22543232781194,160.87103708626404
648,44.53077323523417,160.99186564412233
649,43.8363171213337,161.11495984990736
650,43.14223368916022,161.24210720850073
651,42.448539694564346,161.37335406769654
652,41.75533186011624,161.50954246877808
653,41.062651348850665,161.65089193023164
654,40.370458228598935,161.7968461051678
655,39.678961721040615,161.9491348337983
656,38.98843773673497,162.1098401203118
657,38.298607780042644,162.2762849353879
658,37.6097075016929,162.4501128868793
659,36.92183942293089,162.63177607024815
660,36.23509913501412,162.821618222643
661,35.54923515619941,163.01757122983182
662,34.86456525038065,163.22154464802549
663,34.18061299696974,163.4301837083812
664,33.49745103600475,163.64383735514932
665,32.81501232556815,163.86197427713952
666,32.133172210915596,164.08374973515768
667,31.45178793981173,164.3082543702564
668,30.770840747080886,164.5353433497237
669,30.09011641610237,164.76373817238644
670,29.409529362160864,164.9929334461906
671,28.72947630290148,165.22521465447105
672,28.049232890948105,165.4564008239715
673,27.36939943208364,165.68993856757717
674,26.689684581559785,165.92415200672102
675,26.010586583106,166.16184672827006
676,25.332111088446972,166.40300055089887
677,24.654260098794584,166.64757231995952
678,23.977131050360207,166.89603288717709
679,23.30098289814528,167.14967516571602
680,22.62561635720975,167.4073665884568
681,21.951377646084364,167.67078305419716
682,21.27803453192613,167.93865193855436
683,20.60611983021596,168.21346103939788
684,19.935220944488027,168.49309219440903
685,19.265451097201026,168.77797878458782
686,18.59698275410612,169.06879512798807
687,17.929190950596258,169.36264211205204
688,17.26224404998648,169.6602263694706
689,16.5971519908823,169.96583887529528
690,15.933228447385634,170.27639134372217
691,15.271089360390476,170.5943233895551
692,14.6100249260752,170.91660878298694
693,13.950536455900762,171.2451615445119
694,13.292158264258747,171.5780500953357
695,12.635373417618283,171.91705154642105
696,11.980601160194283,172.2635997395767
697,11.326118966138736,172.61122021225043
698,10.675146113534572,172.9715246897939
699,10.027839982305105,173.34455250919424
700,9.383105186619188,173.72620864334436
701,8.741528388008309,174.1181566686093
702,8.10236298447417,174.5177520519323
703,7.466785902042686,174.9284123418122
704,6.834182827475458,175.34797659922012
705,6.206421468794475,175.7815601852011
706,5.582618442047917,176.22620023770514
707,4.961786327892224,176.67891678547497
708,4.345528791229171,177.14372236964078
709,3.7331028423134827,177.61835015633858
710,3.123680498601953,178.10049602398746
711,2.5168477266373688,178.5890017192099
712,1.9141780721932289,179.08750648721104
713,1.313396884851884,179.59045921985697
714,0.7153524225833463,180.09976455995647
715,0.11961903845607647,180.6143511908274
716,-0.47305799645882574,181.13580924980968
717,-1.0658057899834867,181.65710964728933
718,-1.6557743995489724,182.1845531019512
719,-2.2435175604941224,182.71684403222702
720,-2.8287500892239925,183.25452949710422
721,-3.4128740965948015,183.79457238638767
722,-3.99402618993763,184.34086351667477
723,-4.5736167316966325,184.89039660544276
724,-5.150611939529386,185.44525694739428
725,-5.723691460379182,186.00801491584417
726,-6.294275878974668,186.57572039024254
727,-6.862572366831246,187.14790623391934
728,-7.424828908794592,187.7316702776888
729,-7.984880198549777,188.3195745246316
730,-8.54098495611218,188.91477625286186
731,-9.091226216412721,189.52056477099939
732,-9.638948540462785,190.13081103378587
733,-10.181254840394217,190.7504654528189
734,-10.719291635367885,191.3773722706306
735,-11.253063791260779,192.01138416307674
736,-11.780885365506803,192.65508642040575
737,-12.304598626972965,193.30533242211462
738,-12.821937544539663,193.9655039687349
739,-13.334987797331243,194.6322030753014
740,-13.841059916227076,195.3092749921119
741,-14.342040859154539,195.9937276682365
742,-14.83520028135259,196.68922448147336
743,-15.321437209756196,197.39420983801276
744,-15.800096953240953,198.10928627164452
745,-16.270061947973243,198.83557856218843
746,-16.730159747317394,199.57414990571309
747,-17.181458616363134,200.3232864008621
748,-17.62344951207716,201.08322214438755
749,-18.054805307253236,201.85504276397305
750,-18.474898394514945,202.63894500542182
751,-18.88751878471956,203.43058826512365
752,-19.290192410157246,204.23220771642121
753,-19.683468234599054,205.04292029605895
754,-20.067382004394968,205.86238111027018
755,-20.440254012757215,206.69177502883034
756,-20.805870876043482,207.52747572057962
757,-21.1631854698741,208.37018534484525
758,-21.512681321800308,209.21929734746521
759,-21.853914926534234,210.07497068988073
760,-22.18777749084576,210.9363243598541
761,-22.516719761152647,211.80138047728144
762,-22.839255503609383,212.67115203457809
763,-23.15726616297082,213.5441833468709
764,-23.46752628396792,214.42266372135003
765,-23.77280073799436,215.30456094616082
766,-24.073481277465845,216.18954613125655
767,-24.370167102807688,217.07716989234052
768,-24.66002660593972,217.96920334359126
769,-24.944485369866914,218.86463792790494
770,-25.222861648515394,219.7638114534673
771,-25.493117025098435,220.667827814823
772,-25.7556952643996,221.5762678127101
773,-26.010833230971166,222.4888537271899
774,-26.25512900063209,223.4072362024008
775,-26.49163434844383,224.32960696955175
776,-26.720785737138904,225.25560896548689
777,-26.94096727700084,226.18586665850955
778,-27.15247900237925,227.12005885953343
779,-27.35500364984514,228.05814637338855
780,-27.548201891882275,229.0000815627602
781,-27.73397417750672,229.94494016036722
782,-27.910713501777458,230.89318901697735
783,-28.07878247118029,231.84452257056768
784,-28.238882873763217,232.7985461592393
785,-28.391204563605317,233.7550629032094
786,-28.536994595973773,234.7135725391889
787,-28.675718266187754,235.6741355287486
788,-28.80685891113606,236.6367840509182
789,-28.930593465849416,237.60135231161365
790,-29.04757020912828,238.56757186502915
791,-29.156485039708617,239.53563674765434
792,-29.25878449376157,240.5051150870374
793,-29.352454809928343,241.4763013250287
794,-29.440607273681675,242.4484994121195
795,-29.521616493636238,243.4219147974065
796,-29.595606165226556,244.39642494915248
797,-29.66171862260216,245.3720443012772
798,-29.720210482957587,246.34861701052802
799,-29.770858329830144,247.326048440036
800,-29.815842452534188,248.30402277521097
801,-29.853202834982934,249.28262598160958
802,-29.88353647594023,250.2617054194712
803,-29.907008217862213,251.24115434186027
804,-29.9239587033829,252.22086698077007
805,-29.933728528656932,253.20077152663546
806,-29.938234640022145,254.18075122138546
807,-29.936783783548076,255.1607491163987
808,-29.93009702773427,256.1407044026753
809,-29.916788972023436,257.1205272823226
810,-29.89871512330234,258.1002005638533
811,-29.87434419192149,259.07960644146436
812,-29.843230588330325,260.05863790653393
813,-29.806118139320297,261.0372596034178
814,-29.762443667371688,262.0153502839684
815,-29.71154776055528,262.99275645801885
816,-29.652284926924622,263.9692380586843
817,-29.586559029021558,264.94490860166275
818,-29.512168910635765,265.9193589986362
819,-29.429466671521688,266.8924953024011
820,-29.3384432998824,267.86417472576983
821,-29.240040456273547,268.83444328937713
822,-29.131799652958737,269.80265633404014
823,-29.015240263917264,270.76897473979443
824,-28.889635382555106,271.733069076986
825,-28.755233324255634,272.6948355403131
826,-28.6105284340182,273.6536674180128
827,-28.45891375487807,274.6104042985477
828,-28.29817606162167,275.5642178296818
829,-28.128031725447403,276.51482804083093
830,-27.95024594421328,277.4626934022311
831,-27.763430954546035,278.4071489665039
832,-27.56759993891644,279.3480179361816
833,-27.36338382534937,280.2853864478997
834,-27.151154691264008,281.2192596927809
835,-26.928778081410957,282.1484934314306
836,-26.699550426611964,283.07445842928945
837,-26.461487391697357,283.99604344607206
838,-26.21436966723339,284.91294493876427
839,-25.959260833801192,285.8255468163021
840,-25.692952427266505,286.7318560747308
841,-25.418843487229434,287.6335955085052
842,-25.134675572466538,288.52921107814984
843,-24.84245716598202,289.41973478345295
844,-24.540699084526192,290.3040008283406
845,-24.230059198621586,291.18221811814925
846,-23.908869059545335,292.0529651039827
847,-23.579806115748326,292.91793126220995
848,-23.240875886062405,293.7753970322754
849,-22.89218984783093,294.6251613358415
850,-22.535678970940726,295.4685378766177
851,-22.169020840451697,296.30334393677697
852,-21.792875311069952,297.12983561841884
853,-21.40824462163965,297.948637240417
854,-21.014213254627407,298.7586304455419
855,-20.612309944386652,299.56100723313386
856,-20.201481122976542,300.3544746690237
857,-19.78185555169741,301.1388675454958
858,-19.35438862698686,301.91491727033684
859,-18.91721595545182,302.6802962015306
860,-18.47285974069877,303.4375235165717
861,-18.020590249450727,304.18551183351315
862,-17.560247026674368,304.92378337556124
863,-17.093129222971225,305.6536668434029
864,-16.616964998119474,306.37200141496675
865,-16.133416257486086,307.080601447599
866,-15.642704319380345,307.77948306550644
867,-15.14519958951884,308.46888753733725
868,-14.639308716133785,309.1462248768383
869,-14.128633818544508,309.8164888934657
870,-13.609945887731675,310.4745824640475
871,-13.08435340401884,311.1218497816888
872,-12.551958011963368,311.7581265195753
873,-12.012600209749813,312.38280451337295
874,-11.467601761909446,312.9978120873337
875,-10.91570068593163,313.60063394872867
876,-10.358926886118997,314.19460848879817
877,-9.796101570344767,314.777297274764
878,-9.227782479082224,315.3494391143395
879,-8.654311186653086,315.9114143152593
880,-8.075851423040403,316.46327773286106
881,-7.492459331826129,317.0048690816665
882,-6.905132733716481,317.5380604503324
883,-6.31289364550369,318.06049284815055
884,-5.716135141806639,318.57274611070716
885,-5.115675615019705,319.07645116241304
886,-4.511075968274425,319.570354152508
887,-3.902812373944503,320.0553594964303
888,-3.290211806987282,320.52954539764715
889,-2.6739989944678393,320.99446718524837
890,-2.054417977604056,321.4505307252758
891,-1.431201886400904,321.89678103528615
892,-0.8051986952757535,322.335318615448
893,-0.17498735415653976,322.761879261111
894,0.45729027808597844,323.18240392352806
895,1.0927221751131193,323.59350434472873
896,1.730831537612913,323.9963941873912
897,2.371617786326487,324.39086883496793
898,3.0150904589122667,324.776677236231
899,3.6612651541076207,325.1535302527333
900,4.310505717383274,325.51990972043734
901,4.9615185320451545,325.8800726525753
902,5.615344260163185,326.2301060192874
903,6.271110061261774,326.572952310874
904,6.929010259360689,326.90768797600265
905,7.588876950163653,327.2347489224985
906,8.250646204912549,327.55418662972704
907,8.914121495691644,327.866611109418
908,9.579201614651158,328.1722745408503
909,10.246202761664996,328.4696204017079
910,10.9148671708981,328.75955194420874
911,11.585057880699472,329.0424919528537
912,12.256763210705826,329.31830243361264
913,12.930042248728398,329.5864868113091
914,13.604585878229091,329.8483687467763
915,14.280415086634504,330.10367163921893
916,14.957757551237687,330.3509894183307
917,15.63622534675876,330.59218569289544
918,16.316001266106706,330.8260514898182
919,16.99689575568588,331.05344999543996
920,17.678879001560375,331.27436117804314
921,18.361968442806976,331.4884688096318
922,19.046056816002686,331.69623134574107
923,19.731114050853442,331.8976396538074
924,20.417217105977805,332.0919453191599
925,21.104195702090482,332.2800899460478
926,21.79216805398311,332.46097754745097
927,22.48076776737444,332.6371242250979
928,23.170137965178025,332.8072615565255
929,23.86037227137672,332.9703877070684
930,24.55124487606383,333.1281289078436
931,25.24262079581038,333.2814869910522
932,25.93450498529574,333.4302844572496
933,26.626987843111987,333.57351952137867
934,27.320017022212905,333.71147854265973
935,28.013439612265145,333.8455069678026
936,28.707083381448733,333.97727308669
937,29.401213521428133,334.1039196957779
938,30.09555432992544,334.22828226910445
939,30.790391038157033,334.34709228481023
940,31.48550896767923,334.4626331241324
941,32.181163457910834,334.57166095192144
942,32.87719789194355,334.67582760021105
943,33.573549400267304,334.7757544266205
944,34.2703206601214,334.869771608162
945,34.96752809125054,334.95722173130355
946,35.6650408968852,335.0397610341374
947,36.36285968901534,335.11706504028245
948,37.06097521421417,335.18892628445246
949,37.75931368890792,335.2564082415543
950,38.45791777573642,335.3182674893543
951,39.15670622313153,335.37590101555895
952,39.855734998506655,335.4275071348395
953,40.55487884384917,335.47596177031
954,41.25415043836665,335.5206574604592
955,41.9535669333473,335.5606633404773
956,42.653102390347264,335.5963604415318
957,43.35274528132469,335.62765991765053
958,44.05246093979164,335.6555897350593
959,44.75226858656708,335.67856243034424
960,45.4521452324082,335.6969595493609
961,46.152079794159164,335.71035933153473
962,46.852046973681276,335.71984918295794
963,47.55204043073898,335.7240863694972
964,48.25204035132845,335.72361956925585
965,48.95202553507979,335.7172434139832
966,49.6519836743617,335.70652602736624
967,50.35190016986798,335.6913892290363
968,51.05177253935266,335.6726759661857
969,51.7515257203862,335.64665382481434
970,52.451230653222396,335.6182022229121
971,53.150814919691,335.5844319096948
972,53.85029305730354,335.5465973143606
973,54.54963098604052,335.5039843538609
974,55.24884720892491,335.4576218650973
975,55.94796480655941,335.40843054504586
976,56.646932088165606,335.3552169291347
977,57.34583178249248,335.3002909257411
978,58.04464917426097,335.24334941359655
979,58.74320051678539,335.18033352004295
980,59.441709696669484,335.1164081400237
981,60.140043219637256,335.04882582154573
982,60.8383183121173,334.98007035169
983,61.536490248777724,334.90929142936653
984,62.2344719421667,334.8349257843417
985,62.932399630058214,334.7595732313004
986,63.63010587592096,334.6803031285575
987,64.327792830146,334.6007009222298
988,65.02541451208869,334.5199852594899
989,65.72290766699132,334.4371211190346
990,66.4203286930188,334.35307548612394
991,67.11773830026486,334.2688443407385
992,67.8149336844697,334.1812061719008
993,68.51205661917416,334.0924455766926
994,69.20912285141218,334.0028164015762
995,69.90613893535301,333.9124260574765
996,70.60314532677273,333.82188934101663
997,71.30005064387488,333.7298402300502
998,71.99696909691184,333.6379862544122
999,72.69383285361594,333.5453224912639
1000,73.39062538982354,333.4516148794526
1001,74.08739579986839,333.3575853545978
1002,74.78419235086226,333.26393627352826
1003,75.48093853673623,333.1695555824875
1004,76.17764346996775,333.07457988780044
1005,76.87423206888717,332.97794617341077
1006,77.57087018458536,332.8820146453157
1007,78.26742210290732,332.7848640757821
1008,78.96392946688955,332.6870894156687
1009,79.66050078802033,332.5902118982918
1010,80.3571224382507,332.49404630255486
1011,81.05370896613421,332.3973833314876
1012,81.75036213992806,332.3016663702519
1013,82.44704124374097,332.2063200354065
1014,83.14366907322402,332.11024221438686
1015,83.84036721899383,332.01516898148424
1016,84.53705449033363,331.9199396894145
1017,85.23382019719516,331.82584188128993
1018,85.93050542759376,331.7305833283977
1019,86.6271332570768,331.63450550737804
1020,87.32372875492145,331.5379693158753
1021,88.02029938403513,331.44108204650473
1022,88.7168478318232,331.34388271845825
1023,89.41344470861696,331.2473660316487
1024,90.11012789744736,331.15207821801965
1025,90.80678448883329,331.0564100226258
1026,91.50351852875977,330.9618537530761
1027,92.20025594482496,330.8673462550274
1028,92.89694797592247,330.77218523854356
1029,93.59364136632374,330.6770437294556
1030,94.29045128182173,330.5835897532919
1031,94.98729448663715,330.49062355573056
1032,95.68408769214999,330.39692569901945
1033,96.38088089766282,330.3032278423084
1034,97.07770548192272,330.20998848585856
1035,97.77454337215411,330.1169442421558
1036,98.4715030211739,330.02570496678123
1037,99.16850747220747,329.93513897609364
1038,99.8654423059612,329.8435289247821
1039,100.56234301890038,329.75141151732015
1040,101.25935005697607,329.6608845589543
1041,101.9563893389811,329.5708455168106
1042,102.65347538418497,329.48151887274076
1043,103.3506532134262,329.3936074067514
1044,104.04789969415566,329.306769647589
1045,104.74524330715538,329.22147430539115
1046,105.44260455915244,329.1364620882829
1047,106.13996702547027,329.0514693973067
1048,106.83736217300616,328.9670039247213
1049,107.53483694590629,328.88383707622336
1050,108.23230041928764,328.800484700938
1051,108.9298142475035,328.7179623371971
1052,109.62733220012865,328.6355083300135
1053,110.32487072353219,328.55339611167
1054,111.02248836798258,328.472612082203
1055,111.7200979271934,328.3916913204699
1056,112.4176633565253,328.3100283256071
1057,113.11518425306451,328.22762314478325
1058,113.81275026566864,328.14596991584057
1059,114.51033606802295,328.064648733033
1060,115.20791314954559,327.9831810581224
1061,115.90549139475264,327.90173291538633
1062,116.60311250012,327.82100748594684
1063,117.30072783589718,327.7401843899564
1064,117.99841990458125,327.6606700925072
1065,118.69611935084029,327.581282775686
1066,119.39388913353612,327.50311649459917
1067,120.09164157445645,327.42464738518737
1068,120.78943141183721,327.3468327851286
1069,121.48719057365736,327.26848089869156
1070,122.18499594660457,327.1909398352958
1071,122.88289609387317,327.11508897170654
1072,123.58074884113363,327.03838809455095
1073,124.27863161532979,326.9622245755846
1074,124.97644805161559,326.88487889924284
1075,125.67429476815656,326.8080705532284
1076,126.37211893217138,326.7308616496656
1077,127.06995906011534,326.6539360659561
1078,127.76776221704536,326.57635592552145
1079,128.46558472626964,326.49911771337855
1080,129.16345114830725,326.4226610870788
1081,129.861278620019,326.3455108008847
1082,130.55916139421515,326.26934728191844
1083,131.25700152215913,326.19242169820893
1084,131.95478412800216,326.1144801010576
1085,132.65254217037008,326.03610867737973
1086,133.3502387804957,325.9566725216966
1087,134.0479200453604,325.8769726395935
1088,134.74549013891695,325.79538777232
1089,135.44304739511324,325.71358805543383
1090,136.1405535546442,325.63093874487384
1091,136.83797157817017,325.54684429259646
1092,137.53533768577665,325.46191018022034
1093,138.2326831262199,325.37664412649264
1094,138.9300017012584,325.2909485162412
1095,139.62724818198785,325.2041107570788
1096,140.32439768338386,325.11576007797294
1097,141.02153518174708,325.0272239586955
1098,141.71857832131354,324.93724346801355
1099,142.41556203586296,324.84636522397426
1100,143.11249621522433,324.75474541557963
1101,143.80932279715688,324.6615353258043
1102,144.50608917611078,324.5674472724044
1103,145.20283401354982,324.4730470724893
1104,145.89943640335372,324.37660840483875
1105,146.5959646877057,324.27912628221367
1106,147.29236863579055,324.17991831610203
1107,147.98886061832798,324.0819291340884
1108,148.6850932154398,323.9803912859276
1109,149.38135837922243,323.879292074569
1110,150.07746372540143,323.7760583583654
1111,150.77360071472305,323.6732437071112
1112,151.4695782012916,323.5683339227638
1113,152.16554594035634,323.4632974714007
1114,152.8614933970234,323.357997948064
1115,153.5574416057951,323.25270816799696
1116,154.25329754414236,323.14622978704085
1117,154.94903398848163,323.03823178689464
1118,155.64462809910964,322.92845149181016
1119,156.34030959767878,322.8197619569173
1120,157.0358927234605,322.70984532646344
1121,157.73151970682468,322.60047405038654
1122,158.42708475647626,322.49033344507546
1123,159.122683570722,322.3806115800938
1124,159.81818149802695,322.26964329226155
1125,160.51360700798386,322.15778898613866
1126,161.20926284899753,322.04877805231746
1127,161.90483261770873,321.9386958746687
1128,162.6005652041069,321.83064917310645
1129,163.2961984350323,321.72135580760164
1130,163.99189932070672,321.6129097646273
1131,164.68747066188135,321.5028470629541
1132,165.38295192860753,321.3916743011796
1133,166.07826894538135,321.2785057431693
1134,166.77347047592355,321.16395500949073
1135,167.46839820914326,321.04619307429874
1136,168.1632643527673,320.92772095440415
1137,168.85798391715576,320.8075757729046
1138,169.55222456233935,320.6821219722959
1139,170.24616111950735,320.55341289310326
1140,170.9397876860098,320.42146940128055
1141,171.633122614769,320.2865550356168
1142,172.3261209504384,320.14829267179863
1143,173.01878455605845,320.0067809276893
1144,173.71113561501056,319.86230247985355
1145,174.40305243779358,319.71380272805
1146,175.09461654210435,319.56211681679736
1147,175.7857805737769,319.4068980312351
1148,176.47649445870493,319.24780030916304
1149,177.16686894020606,319.0858409699064
1150,177.8569226772149,318.9212243046545
1151,178.54663610857338,318.7538356852587
1152,179.23590731967496,318.582914103265
1153,179.92477686572306,318.4088476012783
1154,180.61325893405098,318.2318018853792
1155,181.30135337950958,318.0518268124027
1156,181.98910734958912,317.8693188010332
1157,182.67657285723251,317.6846929508138
1158,183.36356587556583,317.49665156757044
1159,184.05020054663748,317.306062103472
1160,184.73648446167792,317.1130123679236
1161,185.42250235799983,316.91811825817416
1162,186.10788544217212,316.71889462819075
1163,186.7929839872792,316.5177619166677
1164,187.47751117134308,316.31285177249697
1165,188.16154568110545,316.10474192811154
1166,188.84522446714473,315.8943534722997
1167,189.52826146489926,315.67991816501797
1168,190.21068188664816,315.4616691301039
1169,190.8925081620639,315.23981029413096
1170,191.57370799572894,315.01421130972534
1171,192.25414787027816,314.78416111702387
1172,192.93364342706772,314.5487038065102
1173,193.6124779011693,314.30953825031196
1174,194.29024367377542,314.0645040227683
1175,194.96708123181122,313.81449161655024
1176,195.6431046956648,313.5601987507713
1177,196.3179034683134,313.2996083284481
1178,196.99159039882642,313.03343920453307
1179,197.6639358339809,312.76070276211874
1180,198.3351619123579,312.48261485992776
1181,199.00512125439235,312.19860292207886
1182,199.67371880921158,311.9083693489142
1183,200.34106259174524,311.61253415697314
1184,201.00697562369183,311.31044596718067
1185,201.67150725351587,311.0024532442013
1186,202.3346957611841,310.6888376092886
1187,202.99658524843045,310.36988852075154
1188,203.6572556817039,310.04602346543896
1189,204.31661560154404,309.7169653970491
1190,204.97461552857862,309.38261416226135
1191,205.6311609752195,309.0427050127369
1192,206.28602295883184,308.6964892800761
1193,206.93906224200896,308.3435901422621
1194,207.5903287432931,307.98432727076266
1195,208.2398952314975,307.6190818468248
1196,208.88776813248148,307.2479875459061
1197,209.53383977740054,306.87078839150894
1198,210.1779630334999,306.487113721162
1199,210.82009921383263,306.0969652791824
1200,211.4605009161122,305.7012685606642
1201,212.0989285577605,305.2993682161711
1202,212.73524066669066,304.8909449993279
1203,213.36949508663082,304.47629598107125
1204,214.0014922983258,304.0549459272642
1205,214.6314069872821,303.6275273152588
1206,215.2590483366969,303.19360333626094
1207,215.8845769864996,302.75374056195403
1208,216.50758491150972,302.306920905119
1209,217.1281654684141,301.85352885193674
1210,217.74627342663217,301.39356428602383
1211,218.36182994802806,300.9269415999322
1212,218.9750045306467,300.4542120945999
1213,219.58547533629869,299.9746729668164
1214,220.1932211496623,299.4883970660929
1215,220.79833428829048,298.99572815562595
1216,221.40090160103003,298.496980963262
1217,222.00088112022883,297.99215607280763
1218,222.59796406472552,297.480644355946
1219,223.1921161133969,296.9624867038779
1220,223.78340070959283,296.43793951672427
1221,224.37141391814487,295.9062334753123
1222,224.9565552748809,295.36835356160594
1223,225.53870037329042,294.8241386358463
1224,226.11738841130537,294.27274449085513
1225,226.69314452710228,293.71536706537034
1226,227.26565495015987,293.1514749140141
1227,227.83428011928507,292.5799294500367
1228,228.39966696865014,292.0021215990105
1229,228.9611635417681,291.41692562088133
1230,229.51873878212666,290.82442641529144
1231,230.07181988739697,290.2237280464355
1232,230.62085030457638,289.61579007428446
1233,231.16488599176176,288.99911403672934
1234,231.70423011613408,288.37441289667123
1235,232.23838685822722,287.7410361629985
1236,232.7674784830382,287.09938078586254
1237,233.291018767658,286.4488618253816
1238,233.80918617981146,285.7899650469367
1239,234.32179221359306,285.12259655345184
1240,234.82820982599492,284.4460311422576
1241,235.32936754670416,283.76183216506746
1242,235.82406742540957,283.0684829177055
1243,236.3124333970342,282.36638790390197
1244,236.79477835413908,281.656181630333
1245,237.26962510064894,280.93613974824217
1246,237.73787070162467,280.20767405100787
1247,238.19972566530168,279.4712554300098
1248,238.6535881418292,278.72516069694666
1249,239.10002469841706,277.9703355345108
1250,239.53855039044066,277.20647518983185
1251,239.96914313364044,276.43381990872183
1252,240.39171182993425,275.65252997153556
1253,240.80406508136736,274.860613940492
1254,241.2090130613701,274.06124319944394
1255,241.60629511953292,273.25436820672616
1256,241.9966349926063,272.4408793158133
1257,242.37809384096315,271.61917454636136
1258,242.7519521051621,270.79065128377385
1259,243.11594615545997,269.95356327798135
1260,243.47103335144482,269.10901035295814
1261,243.81674429477334,268.2568668617671
1262,244.15428415859506,267.3983268178267
1263,244.48355921372425,266.533518886193
1264,244.80328582653203,265.66171684994714
1265,245.11503450644543,264.7842699793495
1266,245.41838604891248,263.90107318944456
1267,245.71211265361492,263.0115225297785
1268,245.99619954257957,262.1158565800763
1269,246.27145412439063,261.21480140208973
1270,246.53823461248413,260.3087643082032
1271,246.79709152186715,259.3982334317851
1272,247.048033946854,258.4833702274153
1273,247.2889577871087,257.5632435088238
1274,247.5211821080434,256.6387431816512
1275,247.74798176511638,255.71160707811458
1276,247.96667278125034,254.78066051179292
1277,248.17455316457688,253.8448720407126
1278,248.37680618797924,252.90666967423286
1279,248.57083967888113,251.96507105027436
1280,248.75713337213503,251.02041368735726
1281,248.9369449891213,250.07329761553834
1282,249.10942297724472,249.12351204316883
1283,249.27292222996826,248.17061893849058
1284,249.4300804779194,247.21563699164665
1285,249.5806086229402,246.25856389934336
1286,249.72161330734775,245.2986521061086
1287,249.85645249314584,244.3370055742749
1288,249.98408097701665,243.3734322758666
1289,250.1038695810987,242.40788820486267
1290,250.21757067710942,241.44090255910507
1291,250.30998221960337,240.4694799891824
1292,250.3964168564394,239.4969796318725
1293,250.47440679862595,238.52308105651738
1294,250.54194056253647,237.54765252821053
1295,250.6000475422321,236.5710347858646
1296,250.65247949043524,235.59378776183078
1297,250.6969339248807,234.61576595512813
1298,250.73446832529933,233.63717580045716
1299,250.76240238594198,232.65795642310508
1300,250.78437121794525,231.67843917158572
1301,250.79876563329256,230.69864639268738
1302,250.8050707980301,229.71868614859613
1303,250.80477900443856,228.73868623373963
1304,250.79601824316103,227.7587629876835
1305,250.77992428138523,226.77902203752734
1306,250.75625234555184,225.79958255837118
1307,250.72576865885952,224.82051225451275
1308,250.68979205618177,223.84180742630502
1309,250.64487411907777,222.86382712860186
1310,250.5915245814891,221.88667744682093
1311,250.53351100882531,220.91004882049558
1312,250.46673547141154,219.93451798341144
1313,250.39433329133664,218.95977415467078
1314,250.31591067504033,217.9859436813458
1315,250.23006095827532,217.0133417796319
1316,250.13776598779333,216.0418974882232
1317,250.03868930712656,215.07176333758105
1318,249.9335884533163,214.10287249303997
1319,249.82160479710953,213.13549411047427
1320,249.69995175381817,212.17040704049893
1321,249.5726405744198,211.20675147305982
1322,249.43768805354506,210.24513610216835
1323,249.2958613748029,209.28546168932507
1324,249.14676027909533,208.32795086850516
1325,248.99015051436936,207.3727923330142
1326,248.82543998578225,206.42030817783143
1327,248.6548038577908,205.46987075686405
1328,248.47589215984186,204.5224207135897
1329,248.29098615616778,203.57722911988057
1330,248.0993738244473,202.63465920730542
1331,247.90040558197535,201.6950812108433
1332,247.69427850933928,200.75853287004296
1333,247.48106080617828,199.82510108695695
1334,247.26197351165652,198.8943371617519
1335,247.03581964635407,197.96689191741174
1336,246.80218401317748,197.04308879651208
1337,246.56288164131894,196.12213311101314
1338,246.31534000231298,195.20545576950298
1339,246.06051713347927,194.29269731360242
1340,245.79779507278195,193.3843388200037
1341,245.5096048846184,192.49124589411375
1342,245.4773459638635,191.5122870851835
1343,245.48955124534103,190.53243606540346
1344,245.53761690407364,189.55474910261668
1345,245.49958549674497,190.53330164572867
1346,245.35977793619153,191.49355657968303
1347,245.3223965836909,192.4721582165052
1348,245.3974061445708,193.4465155374723
1349,245.33994672476283,194.42320837227126
1350,245.3966145032165,195.3999918565987
1351,244.70363837544096,195.26151149982175
1352,244.01073961180253,195.12227445531576
1353,243.31740609902712,194.98734582780273
1354,242.62346262045702,194.8587099107419
1355,241.92866224212423,194.73948419553548
1356,241.23394308047182,194.61933444976546
1357,240.53872639967062,194.50496407422145
1358,239.84266947865203,194.40109235094627
1359,239.14561957467077,194.31121462586898
1360,238.44826407583352,194.22610995999665
1361,237.75024456509982,194.15244331378045
1362,237.0518814715539,194.08546257354055
1363,236.35319629499,194.02542519237102
1364,235.65431174497672,193.97012278667844
1365,234.9552244337398,193.92009494158816
1366,234.25595979463014,193.8751864746572
1367,233.55658657511663,193.83372425496827
1368,232.85709968318278,193.79620822499456
1369,232.15761628079096,193.75856488872387
1370,231.45810529306354,193.72194002046098
1371,230.75862323595095,193.68424772039918
1372,230.05921095907908,193.6440975617022
1373,229.35980905185542,193.60359490182705
1374,228.6603993588978,193.5633566173459
1375,227.96099456212403,193.52295187394006
1376,227.26159700233933,193.48230234012055
1377,226.56213368865627,193.44393434941787
1378,225.86254953539395,193.4101594399683
1379,225.16291716917715,193.37840220145338
1380,224.46318902938523,193.35109213826516
1381,223.76343779813752,193.3249674342488
1382,223.06362977981735,193.3020169333873
1383,222.36376797536715,193.28254461568818
1384,221.66386996978892,193.26581582900917
1385,220.9639358619879,193.25236965170598
1386,220.2639642182204,193.24354877159294
1387,219.56397211847113,193.23889278988594
1388,218.863976657036,193.23536379828988
1389,218.1639771943113,193.23657799875622
1390,217.46397917515205,193.23890939733408
1391,216.76398049102735,193.24080959692043
1392,216.06398052231359,193.24110259769307
1393,215.36398080517156,193.2419835983514
1394,214.66398105744025,193.24281559902846
1395,213.96398106767694,193.24264799980628
1396,213.26398111329425,193.24229420059098
1397,212.56398254287586,193.24031360271627
1398,211.86398397245748,193.23833300484154
1399,211.1639839792179,193.23846920561812
1400,210.4639851654912,193.23666500741427
1401,209.7639859624487,193.23814380763008
1402,209.06398888361934,193.2409750044688
1403,208.3639908644601,193.24330640304666
1404,207.66399936763958,193.24813678426472
1405,206.96402011354175,193.2556817105045
1406,206.2640467816569,193.264236002648
1407,205.5640809393678,193.2739172459509
1408,204.86413116235713,193.28565636597048
1409,204.16420802171345,193.3001784352209
1410,203.46431070989183,193.31696401514938
1411,202.76446459860142,193.33751211002263
1412,202.0646558917415,193.36042142371693
1413,201.36490518252933,193.38657351953893
1414,200.66522224060878,193.41606606672315
1415,199.96557390003605,193.4471258652781
1416,199.26598993884895,193.48090857164595
1417,198.5664936566065,193.51807985374393
1418,197.8670421355443,193.5568669209213
1419,197.16766648872104,193.5982488140136
